                  epoch,         train/box_loss,         train/cls_loss,         train/dfl_loss,   metrics/precision(B),      metrics/recall(B),       metrics/mAP50(B),    metrics/mAP50-95(B),           val/box_loss,           val/cls_loss,           val/dfl_loss,                 lr/pg0,                 lr/pg1,                 lr/pg2
                      1,                0.97691,                  3.483,                 1.2741,                0.49912,                0.10336,                0.14688,                0.10636,                0.77635,                 2.8363,                0.95113,             0.00029768,             0.00029768,             0.00029768
                      2,                0.91904,                 2.6084,                 1.2301,                 0.3451,                0.46206,                0.20273,                0.13394,                0.96353,                 3.4053,                 1.1306,              0.0005987,              0.0005987,              0.0005987
                      3,                0.90784,                 2.1497,                 1.2367,                0.19562,                0.51556,                0.27491,                0.20224,                 0.8649,                 2.5726,                 1.0637,             0.00089772,             0.00089772,             0.00089772
                      4,                0.89161,                 1.9573,                 1.2141,                0.41829,                0.35656,                0.26241,                0.18945,                 0.9535,                 2.5907,                 1.1135,                 0.0009,                 0.0009,                 0.0009
                      5,                0.83146,                 1.7647,                 1.1775,                0.57656,                0.41656,                0.39191,                 0.2891,                0.88971,                 1.9192,                 1.0586,               0.000897,               0.000897,               0.000897
                      6,                0.83905,                 1.7308,                 1.1786,                0.63791,                0.38425,                0.49171,                0.34827,                0.96295,                 1.6571,                 1.1115,               0.000894,               0.000894,               0.000894
                      7,                0.82279,                 1.5962,                  1.158,                0.62749,                0.47308,                0.53133,                0.40911,                0.82353,                 1.5861,                 1.0395,               0.000891,               0.000891,               0.000891
                      8,                0.80248,                 1.5273,                 1.1508,                0.64812,                0.53127,                0.54911,                0.42432,                0.83416,                 1.6447,                 1.0854,               0.000888,               0.000888,               0.000888
                      9,                0.78578,                  1.455,                 1.1418,                0.66646,                0.51662,                0.57945,                0.46225,                0.76328,                 1.4407,                  1.037,               0.000885,               0.000885,               0.000885
                     10,                0.75961,                 1.3614,                 1.1204,                0.69163,                 0.5601,                0.65019,                0.51624,                0.76212,                 1.2532,                 0.9794,               0.000882,               0.000882,               0.000882
                     11,                0.76153,                 1.3032,                 1.1158,                0.55449,                0.51241,                0.43952,                0.32737,                 0.8813,                 2.0168,                 1.0496,               0.000879,               0.000879,               0.000879
                     12,                0.73945,                 1.3823,                 1.1176,                0.75783,                0.58043,                0.66292,                0.52741,                0.74583,                 1.2244,                0.99603,               0.000876,               0.000876,               0.000876
                     13,                0.72941,                 1.2176,                 1.1167,                 0.7866,                0.52957,                0.66796,                0.55369,                0.68139,                 1.2601,                0.96819,               0.000873,               0.000873,               0.000873
                     14,                0.70642,                 1.2706,                 1.0947,                0.76564,                 0.4768,                0.58223,                0.48215,                0.68579,                 1.6843,                0.97215,                0.00087,                0.00087,                0.00087
                     15,                0.70022,                 1.1809,                 1.0887,                0.77413,                 0.5943,                0.65891,                0.53122,                0.67594,                 1.2988,                0.95205,               0.000867,               0.000867,               0.000867
                     16,                 0.7181,                  1.188,                 1.1074,                 0.6445,                0.59353,                0.64565,                0.50957,                0.76618,                 1.3563,                0.98495,               0.000864,               0.000864,               0.000864
                     17,                0.70968,                 1.1639,                 1.1067,                0.60213,                0.67845,                0.70022,                0.52187,                0.89463,                 1.1706,                 1.0673,               0.000861,               0.000861,               0.000861
                     18,                0.68771,                 1.1625,                 1.0863,                0.76762,                0.62347,                0.75243,                0.61853,                0.65707,                 1.1105,                 0.9527,             0.00085801,             0.00085801,             0.00085801
                     19,                0.70018,                 1.1685,                 1.0975,                0.67624,                0.69815,                0.75111,                0.61012,                0.68177,                 1.0718,                0.96784,             0.00085501,             0.00085501,             0.00085501
                     20,                0.66183,                 1.1009,                  1.074,                0.78369,                0.59056,                0.73045,                0.59851,                0.69717,                 1.0823,                0.96957,             0.00085201,             0.00085201,             0.00085201
                     21,                0.65728,                 1.0531,                 1.0729,                0.66362,                0.66287,                0.66387,                0.53884,                0.74175,                 1.2706,                0.98131,             0.00084901,             0.00084901,             0.00084901
                     22,                0.66097,                 1.0756,                  1.078,                 0.7331,                0.71773,                0.76691,                0.62068,                0.68463,                0.97647,                0.97545,             0.00084601,             0.00084601,             0.00084601
                     23,                0.64961,                 1.0393,                 1.0696,                0.63101,                0.82562,                0.79744,                0.65175,                0.66928,                 1.0091,                0.94845,             0.00084301,             0.00084301,             0.00084301
                     24,                0.68353,                 1.0644,                 1.0796,                 0.7525,                0.66694,                0.79787,                0.64074,                 0.6718,                 1.0322,                0.95107,             0.00084001,             0.00084001,             0.00084001
                     25,                0.64971,                 1.0246,                 1.0669,                0.73178,                0.65573,                0.75556,                0.62899,                 0.6504,                 1.1532,                0.92077,             0.00083701,             0.00083701,             0.00083701
                     26,                0.64062,                 1.0072,                   1.07,                0.66293,                0.68433,                0.72999,                0.59396,                0.64637,                 1.1375,                0.95702,             0.00083401,             0.00083401,             0.00083401
                     27,                0.66791,                0.97585,                 1.0731,                0.75504,                0.68432,                0.78689,                0.63455,                0.66988,                  1.051,                0.95775,             0.00083101,             0.00083101,             0.00083101
                     28,                0.65624,                 0.9727,                 1.0682,                 0.7414,                0.80422,                0.85671,                0.71163,                0.63191,                0.92273,                0.91923,             0.00082801,             0.00082801,             0.00082801
                     29,                0.65066,                0.96624,                 1.0626,                0.79562,                0.77846,                0.81857,                0.68188,                0.62914,                0.94916,                0.94007,             0.00082501,             0.00082501,             0.00082501
                     30,                 0.6458,                 0.9495,                 1.0605,                0.76379,                0.75652,                0.82056,                0.68278,                0.64166,                0.91297,                0.94838,             0.00082201,             0.00082201,             0.00082201
                     31,                0.63037,                0.94988,                 1.0576,                0.80588,                0.74285,                0.84009,                0.69795,                0.64111,                0.82423,                0.96269,             0.00081901,             0.00081901,             0.00081901
                     32,                0.63358,                0.91696,                 1.0584,                0.73183,                0.73595,                0.84009,                0.69154,                0.65562,                0.92855,                0.95449,             0.00081601,             0.00081601,             0.00081601
                     33,                0.63736,                0.92588,                 1.0598,                0.75314,                0.83433,                0.86536,                0.72738,                0.63186,                0.84082,                0.93355,             0.00081301,             0.00081301,             0.00081301
                     34,                0.62006,                0.91604,                 1.0437,                0.78281,                0.74216,                0.84587,                 0.7161,                0.59575,                0.82259,                 0.8968,             0.00081001,             0.00081001,             0.00081001
                     35,                0.61187,                0.91002,                 1.0429,                0.81726,                0.71845,                0.84429,                0.72124,                0.61223,                0.84144,                0.90763,             0.00080701,             0.00080701,             0.00080701
                     36,                0.62016,                0.88719,                 1.0473,                 0.6765,                0.79323,                0.83806,                0.70658,                0.65267,                0.87765,                0.92505,             0.00080401,             0.00080401,             0.00080401
                     37,                0.61302,                0.87516,                 1.0442,                0.67267,                0.73066,                0.78399,                0.66214,                0.65366,                 1.0037,                0.92619,             0.00080101,             0.00080101,             0.00080101
                     38,                 0.6031,                0.89216,                 1.0406,                0.77831,                0.74122,                0.85224,                0.71919,                0.61333,                0.82445,                0.91083,             0.00079801,             0.00079801,             0.00079801
                     39,                 0.6055,                0.86575,                  1.044,                0.72944,                0.80787,                0.85376,                0.73414,                 0.5856,                 0.8173,                0.89363,             0.00079501,             0.00079501,             0.00079501
                     40,                0.61337,                0.84664,                 1.0452,                0.75931,                0.81431,                0.84574,                0.71345,                0.62559,                0.77769,                0.93631,             0.00079201,             0.00079201,             0.00079201
                     41,                0.60667,                 0.8446,                 1.0468,                0.72267,                 0.7466,                0.80567,                0.67257,                0.62254,                0.86764,                0.91987,             0.00078901,             0.00078901,             0.00078901
                     42,                0.58712,                0.82104,                 1.0346,                0.69597,                0.77458,                0.80959,                0.68603,                0.58525,                0.92622,                 0.8896,             0.00078601,             0.00078601,             0.00078601
                     43,                0.59869,                0.79059,                 1.0402,                0.75455,                0.84673,                 0.8896,                0.75255,                0.60674,                0.76156,                0.90121,             0.00078301,             0.00078301,             0.00078301
                     44,                0.60619,                0.79034,                 1.0398,                0.76685,                0.78036,                0.88455,                0.73215,                0.61629,                0.86479,                0.92175,             0.00078001,             0.00078001,             0.00078001
                     45,                0.57824,                0.81429,                 1.0242,                0.79634,                 0.7959,                0.89093,                 0.7561,                0.57301,                0.75705,                0.89877,             0.00077701,             0.00077701,             0.00077701
                     46,                0.59812,                0.84424,                 1.0535,                0.74456,                0.83628,                 0.8555,                0.72155,                0.65565,                 0.8881,                0.95867,             0.00077401,             0.00077401,             0.00077401
                     47,                0.57445,                0.79345,                 1.0396,                0.82153,                0.79261,                0.87009,                0.73809,                 0.6086,                 0.7787,                0.93435,             0.00077101,             0.00077101,             0.00077101
                     48,                0.58688,                0.80401,                 1.0367,                0.78378,                0.90839,                0.89558,                0.76268,                0.60671,                0.78352,                0.91704,             0.00076801,             0.00076801,             0.00076801
                     49,                 0.5814,                0.76776,                 1.0346,                0.81786,                0.85644,                0.90604,                0.76954,                0.60577,                0.69202,                0.91622,             0.00076501,             0.00076501,             0.00076501
                     50,                0.60438,                0.80406,                 1.0424,                0.84861,                0.81794,                0.89173,                0.75645,                0.60489,                0.72262,                0.92383,             0.00076201,             0.00076201,             0.00076201
                     51,                0.57423,                0.78969,                 1.0333,                0.74617,                0.83092,                0.85201,                0.72439,                0.63412,                0.78857,                0.92085,             0.00075902,             0.00075902,             0.00075902
                     52,                 0.6032,                0.79115,                 1.0397,                0.76817,                0.82774,                0.84554,                0.71916,                0.65171,                0.74865,                0.93191,             0.00075602,             0.00075602,             0.00075602
                     53,                0.58214,                0.75274,                 1.0348,                 0.8268,                 0.7885,                0.86611,                0.73854,                0.60978,                0.76402,                0.92175,             0.00075302,             0.00075302,             0.00075302
                     54,                0.59457,                0.76521,                 1.0366,                0.81097,                0.74157,                0.86713,                0.73825,                0.63094,                0.71724,                0.94107,             0.00075002,             0.00075002,             0.00075002
                     55,                0.56911,                0.76656,                 1.0252,                0.78545,                0.78532,                0.86097,                0.73606,                0.61937,                0.76105,                0.91719,             0.00074702,             0.00074702,             0.00074702
                     56,                0.57531,                0.73106,                 1.0251,                0.77042,                0.81946,                0.85946,                0.74847,                 0.5943,                0.77748,                0.89734,             0.00074402,             0.00074402,             0.00074402
                     57,                0.58437,                 0.7238,                 1.0254,                0.77088,                0.84707,                0.89048,                0.76775,                0.58763,                0.74114,                0.89974,             0.00074102,             0.00074102,             0.00074102
                     58,                 0.5745,                0.74491,                 1.0275,                0.84154,                0.80514,                0.88673,                0.75622,                0.60883,                0.70717,                0.91607,             0.00073802,             0.00073802,             0.00073802
                     59,                0.57121,                 0.7303,                 1.0281,                0.77711,                0.85765,                 0.8644,                0.72595,                0.65425,                0.75009,                0.93943,             0.00073502,             0.00073502,             0.00073502
                     60,                0.56408,                0.73536,                 1.0215,                0.79423,                0.80378,                0.86626,                0.75316,                0.58858,                0.74844,                0.91058,             0.00073202,             0.00073202,             0.00073202
                     61,                0.55924,                0.72478,                 1.0199,                0.85498,                0.78464,                0.89543,                0.77392,                0.59922,                0.67512,                0.90951,             0.00072902,             0.00072902,             0.00072902
                     62,                0.56734,                0.69559,                 1.0271,                0.84002,                 0.8189,                 0.9004,                0.78591,                0.59349,                0.66402,                0.91322,             0.00072602,             0.00072602,             0.00072602
                     63,                0.55923,                0.71794,                 1.0285,                0.88783,                0.76388,                0.89027,                0.77451,                0.56523,                0.67166,                0.89267,             0.00072302,             0.00072302,             0.00072302
                     64,                0.56993,                0.70276,                 1.0276,                0.78053,                0.84294,                0.89317,                0.74973,                0.64011,                0.70456,                0.92729,             0.00072002,             0.00072002,             0.00072002
                     65,                0.55507,                0.72435,                 1.0216,                0.76227,                0.86901,                0.90061,                0.78012,                0.55717,                0.68111,                0.87803,             0.00071702,             0.00071702,             0.00071702
                     66,                0.54026,                0.70408,                 1.0159,                0.80466,                0.81322,                0.89579,                0.76212,                0.57923,                0.70003,                0.89171,             0.00071402,             0.00071402,             0.00071402
                     67,                0.57113,                0.70843,                 1.0266,                 0.9023,                0.77592,                 0.9025,                0.78772,                0.56266,                0.61952,                0.89025,             0.00071102,             0.00071102,             0.00071102
                     68,                0.55504,                0.68161,                 1.0242,                0.75077,                 0.8847,                0.90269,                0.76563,                0.60234,                0.68908,                0.91533,             0.00070802,             0.00070802,             0.00070802
                     69,                0.54442,                0.71594,                 1.0152,                0.76977,                 0.8015,                0.86908,                0.72886,                 0.6265,                0.86346,                0.92442,             0.00070502,             0.00070502,             0.00070502
                     70,                 0.5345,                0.67918,                 1.0141,                0.81937,                0.77214,                0.87506,                0.74791,                0.57981,                0.77742,                0.89605,             0.00070202,             0.00070202,             0.00070202
                     71,                0.53793,                0.67817,                 1.0182,                0.75684,                0.85082,                0.87389,                0.75928,                0.56172,                0.67717,                0.89129,             0.00069902,             0.00069902,             0.00069902
                     72,                0.54113,                0.65373,                 1.0109,                0.77849,                0.88847,                 0.9092,                 0.7893,                0.56039,                0.66374,                0.89075,             0.00069602,             0.00069602,             0.00069602
                     73,                0.54109,                0.66631,                 1.0087,                0.76958,                0.87116,                0.88926,                0.74614,                0.57178,                0.69813,                0.89549,             0.00069302,             0.00069302,             0.00069302
                     74,                0.54479,                0.68541,                 1.0121,                0.83634,                0.79257,                0.88297,                0.76143,                0.56328,                 0.7304,                  0.896,             0.00069002,             0.00069002,             0.00069002
                     75,                0.52737,                0.65036,                0.99993,                 0.8127,                 0.8871,                0.89305,                0.77518,                0.56664,                0.60808,                 0.8859,             0.00068702,             0.00068702,             0.00068702
                     76,                0.54202,                0.66569,                 1.0118,                0.74603,                0.88574,                0.89408,                0.77457,                0.57011,                0.75973,                0.88127,             0.00068402,             0.00068402,             0.00068402
                     77,                0.54245,                0.66349,                 1.0191,                0.71818,                0.88655,                 0.8924,                0.76783,                0.58105,                 0.6874,                0.89987,             0.00068102,             0.00068102,             0.00068102
                     78,                0.55371,                0.67106,                 1.0167,                0.78248,                0.81248,                0.87111,                0.75944,                0.55334,                0.64534,                0.88146,             0.00067802,             0.00067802,             0.00067802
                     79,                0.52262,                0.66525,                 1.0012,                0.76072,                0.79845,                0.86195,                0.75676,                 0.5794,                0.76216,                0.91067,             0.00067502,             0.00067502,             0.00067502
                     80,                0.51977,                0.67303,                 1.0045,                0.80789,                0.81938,                  0.875,                0.76867,                0.56887,                0.65588,                0.90371,             0.00067202,             0.00067202,             0.00067202
                     81,                 0.5472,                0.64993,                  1.013,                0.81023,                0.84608,                0.90207,                0.78472,                  0.557,                0.63958,                0.88959,             0.00066902,             0.00066902,             0.00066902
                     82,                0.54342,                0.67282,                 1.0155,                0.82243,                0.81002,                0.88781,                0.74919,                  0.603,                0.69851,                0.90815,             0.00066602,             0.00066602,             0.00066602
                     83,                0.54361,                0.64888,                 1.0162,                 0.7619,                0.83998,                 0.8817,                0.76127,                0.56205,                0.71183,                0.87843,             0.00066302,             0.00066302,             0.00066302
                     84,                0.52429,                0.65299,                 1.0064,                0.80484,                0.82168,                0.89162,                0.76411,                   0.58,                0.66324,                0.89617,             0.00066002,             0.00066002,             0.00066002
                     85,                0.53092,                0.62757,                 1.0113,                0.80974,                0.89231,                0.91301,                0.78131,                0.59276,                0.60173,                0.90555,             0.00065703,             0.00065703,             0.00065703
                     86,                 0.5384,                0.63931,                 1.0159,                0.83073,                0.77855,                0.86496,                0.75033,                0.57521,                0.67289,                0.89282,             0.00065403,             0.00065403,             0.00065403
                     87,                0.52152,                0.61005,                 1.0071,                0.80911,                 0.8851,                0.91088,                0.80309,                0.55815,                0.63051,                0.89727,             0.00065103,             0.00065103,             0.00065103
                     88,                0.52142,                0.62353,                 1.0004,                0.80438,                0.78164,                0.87855,                0.76944,                0.56269,                0.68962,                0.88757,             0.00064803,             0.00064803,             0.00064803
                     89,                0.53597,                0.62726,                 1.0142,                0.82721,                0.80965,                0.89895,                0.78651,                0.56825,                0.63342,                0.88126,             0.00064503,             0.00064503,             0.00064503
                     90,                0.53441,                0.63069,                 1.0137,                0.78141,                0.84832,                0.88289,                0.76113,                0.57507,                0.61621,                0.89259,             0.00064203,             0.00064203,             0.00064203
                     91,                0.53164,                0.61298,                 1.0056,                0.79364,                0.86895,                0.89774,                0.77809,                0.57642,                0.66429,                0.89924,             0.00063903,             0.00063903,             0.00063903
                     92,                0.52682,                0.62233,                 1.0066,                0.81907,                0.84466,                 0.9039,                0.78779,                0.57885,                0.61286,                 0.8944,             0.00063603,             0.00063603,             0.00063603
                     93,                 0.5205,                0.59948,                 1.0048,                0.82637,                0.82017,                 0.8919,                0.77422,                0.58108,                0.66001,                0.89544,             0.00063303,             0.00063303,             0.00063303
                     94,                0.50824,                0.61121,                0.99616,                0.79401,                0.90395,                0.91927,                0.80632,                 0.5535,                0.62056,                0.87422,             0.00063003,             0.00063003,             0.00063003
                     95,                0.52964,                0.61408,                 1.0028,                0.85148,                0.81975,                0.90463,                0.78885,                0.55953,                0.65397,                0.88214,             0.00062703,             0.00062703,             0.00062703
                     96,                0.51491,                  0.594,                 1.0053,                0.74212,                0.89766,                0.90487,                0.79612,                 0.5578,                  0.622,                0.88749,             0.00062403,             0.00062403,             0.00062403
                     97,                0.52177,                0.63619,                 1.0109,                 0.8249,                0.88063,                0.90605,                0.79361,                0.54663,                0.61854,                0.87509,             0.00062103,             0.00062103,             0.00062103
                     98,                0.50712,                 0.6097,                 1.0027,                0.77648,                0.79909,                0.86719,                0.74722,                0.57138,                0.77106,                0.89382,             0.00061803,             0.00061803,             0.00061803
                     99,                0.50012,                0.57828,                0.99478,                0.87439,                0.78808,                0.90637,                0.78885,                0.55328,                0.63231,                0.89891,             0.00061503,             0.00061503,             0.00061503
                    100,                0.51081,                0.59391,                0.99929,                 0.7704,                0.93327,                0.91288,                0.80465,                0.54214,                0.60886,                0.88839,             0.00061203,             0.00061203,             0.00061203
                    101,                 0.5109,                0.59474,                 1.0134,                 0.8313,                0.88555,                0.91698,                0.80744,                0.53715,                0.59975,                0.87991,             0.00060903,             0.00060903,             0.00060903
                    102,                0.51462,                0.59398,                0.99535,                0.71863,                0.90244,                 0.8821,                 0.7635,                0.55875,                0.71753,                0.88213,             0.00060603,             0.00060603,             0.00060603
                    103,                0.52143,                0.59736,                 1.0015,                0.81297,                0.88585,                0.91652,                0.79765,                0.54534,                0.59587,                0.88166,             0.00060303,             0.00060303,             0.00060303
                    104,                0.49105,                0.56039,                0.98865,                0.78919,                0.87003,                0.88889,                0.76416,                 0.5646,                0.67196,                0.87766,             0.00060003,             0.00060003,             0.00060003
                    105,                 0.4998,                0.55753,                0.99367,                0.79069,                0.80221,                0.88532,                0.77293,                0.57441,                0.63692,                0.88118,             0.00059703,             0.00059703,             0.00059703
                    106,                0.50117,                0.57159,                0.99515,                0.77953,                 0.9084,                0.90621,                0.79246,                0.54312,                0.63024,                0.87181,             0.00059403,             0.00059403,             0.00059403
                    107,                0.50288,                0.56301,                0.98907,                 0.8542,                0.81688,                0.90362,                0.78891,                0.54979,                0.64409,                0.87788,             0.00059103,             0.00059103,             0.00059103
                    108,                0.50287,                0.57055,                0.99529,                0.88476,                0.84723,                0.92069,                 0.7995,                0.54943,                0.61288,                0.87795,             0.00058803,             0.00058803,             0.00058803
                    109,                0.47869,                0.55355,                0.98442,                 0.7587,                0.93572,                0.91143,                 0.7875,                0.54454,                0.59778,                0.86711,             0.00058503,             0.00058503,             0.00058503
                    110,                0.50027,                0.56978,                0.98431,                0.84452,                 0.8484,                0.90373,                0.78821,                 0.5612,                0.61113,                0.88078,             0.00058203,             0.00058203,             0.00058203
                    111,                0.48894,                0.56312,                0.98774,                0.88646,                0.84537,                0.93229,                0.80763,                0.54583,                0.53902,                 0.8833,             0.00057903,             0.00057903,             0.00057903
                    112,                0.49368,                0.56365,                0.99845,                0.86875,                0.80208,                0.91815,                0.79563,                0.54513,                0.62582,                0.86395,             0.00057603,             0.00057603,             0.00057603
                    113,                0.51258,                0.58601,                0.99654,                0.86693,                0.82956,                0.91864,                0.78935,                0.56475,                0.64455,                0.87813,             0.00057303,             0.00057303,             0.00057303
                    114,                0.49845,                0.54519,                0.98444,                0.81153,                0.88307,                0.91564,                 0.7913,                0.56796,                0.58216,                0.88511,             0.00057003,             0.00057003,             0.00057003
                    115,                0.50416,                0.55764,                0.99591,                0.82892,                0.92148,                0.93514,                0.81787,                0.54338,                 0.6095,                0.86978,             0.00056703,             0.00056703,             0.00056703
                    116,                0.49515,                0.54236,                0.98867,                0.78885,                 0.8819,                0.91186,                0.80201,                0.53756,                0.60161,                0.85985,             0.00056403,             0.00056403,             0.00056403
                    117,                0.48986,                0.55942,                0.98419,                0.81831,                0.88533,                0.92555,                0.81596,                0.54777,                0.60166,                0.87531,             0.00056103,             0.00056103,             0.00056103
                    118,                0.51102,                0.54342,                0.99695,                0.83262,                0.86016,                 0.9138,                 0.7903,                0.54698,                 0.5907,                0.87133,             0.00055804,             0.00055804,             0.00055804
                    119,                0.48614,                0.54841,                0.98779,                0.88705,                0.83681,                0.90872,                0.79266,                0.55486,                 0.5711,                0.87271,             0.00055504,             0.00055504,             0.00055504
                    120,                0.48093,                0.53665,                0.98933,                0.84295,                0.87671,                0.92284,                0.80488,                0.55147,                0.58257,                0.88047,             0.00055204,             0.00055204,             0.00055204
                    121,                 0.4953,                0.56012,                 0.9976,                0.80974,                0.92678,                0.93559,                0.82179,                0.55283,                0.60635,                0.88394,             0.00054904,             0.00054904,             0.00054904
                    122,                0.47126,                0.53277,                0.97505,                0.84768,                0.86135,                0.92243,                0.80876,                0.56309,                0.56085,                0.88439,             0.00054604,             0.00054604,             0.00054604
                    123,                0.48826,                0.53356,                0.99027,                0.81791,                0.88936,                0.92402,                0.81068,                0.55388,                0.55494,                0.87314,             0.00054304,             0.00054304,             0.00054304
                    124,                0.50226,                0.54573,                0.99902,                0.83048,                0.86243,                 0.9169,                0.80165,                0.54803,                0.60142,                0.86562,             0.00054004,             0.00054004,             0.00054004
                    125,                0.48494,                0.54703,                 0.9888,                0.83487,                 0.8765,                0.91593,                0.80481,                0.55137,                0.58382,                0.87167,             0.00053704,             0.00053704,             0.00053704
                    126,                0.48088,                0.53898,                0.98903,                0.78618,                0.92634,                0.92265,                0.81708,                0.54737,                0.55365,                0.86772,             0.00053404,             0.00053404,             0.00053404
                    127,                0.46563,                0.51935,                0.98301,                0.77809,                0.93155,                0.92502,                0.80159,                0.55505,                0.58747,                0.87061,             0.00053104,             0.00053104,             0.00053104
                    128,                0.47972,                0.52591,                 0.9822,                0.89417,                0.83882,                 0.9181,                0.80621,                0.55294,                0.55215,                0.87258,             0.00052804,             0.00052804,             0.00052804
                    129,                0.48684,                0.54835,                0.98937,                0.83406,                 0.8597,                0.91202,                0.79534,                0.56004,                0.61561,                0.86039,             0.00052504,             0.00052504,             0.00052504
                    130,                0.47494,                0.53464,                0.98379,                0.87051,                0.85418,                0.91638,                0.78998,                0.56073,                0.55474,                0.86643,             0.00052204,             0.00052204,             0.00052204
                    131,                0.47244,                0.50677,                0.97847,                0.85848,                0.86687,                0.91492,                 0.8016,                 0.5395,                 0.5653,                0.85701,             0.00051904,             0.00051904,             0.00051904
                    132,                0.47637,                0.52103,                0.98235,                0.79194,                0.87971,                0.91194,                0.79608,                0.54782,                0.56279,                0.87254,             0.00051604,             0.00051604,             0.00051604
                    133,                0.48862,                 0.5184,                0.98951,                0.82947,                0.87301,                0.90999,                 0.8025,                0.54601,                0.54587,                0.86737,             0.00051304,             0.00051304,             0.00051304
                    134,                0.47371,                0.50718,                0.97855,                0.86976,                0.86502,                0.91296,                0.81282,                0.53039,                0.58839,                 0.8602,             0.00051004,             0.00051004,             0.00051004
                    135,                0.48541,                0.51814,                0.98071,                0.80425,                0.90502,                 0.9187,                0.80484,                0.54577,                0.59568,                0.86086,             0.00050704,             0.00050704,             0.00050704
                    136,                0.47977,                0.51148,                0.98257,                0.85125,                0.81491,                0.91312,                0.80868,                0.53111,                0.57498,                 0.8414,             0.00050404,             0.00050404,             0.00050404
                    137,                0.48344,                0.50619,                 0.9769,                0.84486,                0.89403,                0.91066,                 0.7987,                0.52302,                0.57399,                0.85387,             0.00050104,             0.00050104,             0.00050104
                    138,                0.46872,                0.51751,                0.98055,                0.81972,                0.90098,                0.91301,                0.79538,                0.53398,                0.59079,                0.86847,             0.00049804,             0.00049804,             0.00049804
                    139,                0.46365,                0.50185,                0.97855,                0.83348,                0.87158,                 0.9192,                0.82149,                0.52944,                0.54171,                 0.8534,             0.00049504,             0.00049504,             0.00049504
                    140,                0.48524,                0.52336,                0.98509,                0.85425,                0.86556,                0.91426,                0.79995,                 0.5365,                0.61348,                0.86445,             0.00049204,             0.00049204,             0.00049204
                    141,                0.46954,                0.50947,                0.97451,                0.83884,                0.86554,                0.91095,                0.81267,                0.51636,                0.57746,                 0.8619,             0.00048904,             0.00048904,             0.00048904
                    142,                0.47327,                0.50816,                0.98337,                0.87845,                0.86703,                0.92363,                0.81582,                0.53412,                0.57502,                0.85647,             0.00048604,             0.00048604,             0.00048604
                    143,                0.46201,                0.49021,                0.98396,                0.90538,                0.87214,                0.93413,                0.82658,                0.52299,                0.54005,                0.85082,             0.00048304,             0.00048304,             0.00048304
                    144,                0.46249,                0.50943,                0.97603,                0.88226,                 0.8546,                0.92311,                0.81414,                0.53901,                0.56737,                 0.8534,             0.00048004,             0.00048004,             0.00048004
                    145,                 0.4579,                0.50068,                0.97483,                0.77716,                0.89653,                0.90424,                0.80398,                0.52138,                0.60504,                0.86454,             0.00047704,             0.00047704,             0.00047704
                    146,                0.44682,                0.49138,                   0.98,                0.82582,                0.92632,                0.92314,                0.79901,                0.53093,                0.58252,                0.87546,             0.00047404,             0.00047404,             0.00047404
                    147,                0.47785,                0.49234,                0.98492,                0.83023,                0.89898,                0.92454,                 0.8083,                0.52744,                0.59171,                0.88089,             0.00047104,             0.00047104,             0.00047104
                    148,                0.45635,                0.46797,                 0.9767,                0.86819,                0.85392,                0.91138,                0.80157,                0.53926,                0.56614,                0.87108,             0.00046804,             0.00046804,             0.00046804
                    149,                0.45915,                0.48868,                0.97487,                 0.8839,                0.84188,                0.92554,                0.81452,                0.53408,                0.54131,                0.85913,             0.00046504,             0.00046504,             0.00046504
                    150,                0.47291,                 0.4955,                0.99066,                0.86288,                0.85182,                 0.9229,                 0.8096,                0.54009,                0.51173,                0.85697,             0.00046204,             0.00046204,             0.00046204
                    151,                0.47668,                0.51543,                0.98484,                0.86926,                0.81954,                0.90003,                0.80179,                0.53478,                0.58203,                0.85703,             0.00045904,             0.00045904,             0.00045904
                    152,                0.45867,                0.50297,                0.97249,                0.83231,                0.88077,                 0.9239,                0.82145,                0.52681,                 0.5957,                0.85507,             0.00045605,             0.00045605,             0.00045605
                    153,                0.46428,                0.49399,                0.97482,                0.81974,                 0.8764,                0.91093,                0.81238,                0.52707,                0.59552,                0.85077,             0.00045305,             0.00045305,             0.00045305
                    154,                0.47297,                0.48379,                 0.9735,                0.79285,                0.88589,                0.91036,                0.80724,                0.53967,                0.56417,                0.86336,             0.00045005,             0.00045005,             0.00045005
                    155,                0.47238,                0.49658,                0.97712,                0.82971,                0.87272,                0.91655,                0.81056,                0.52558,                0.53968,                0.86801,             0.00044705,             0.00044705,             0.00044705
                    156,                0.46647,                0.49665,                0.97986,                0.83099,                 0.8924,                0.91517,                0.80517,                0.53592,                 0.5261,                 0.8633,             0.00044405,             0.00044405,             0.00044405
                    157,                0.44252,                0.47369,                0.97739,                  0.873,                0.86325,                0.92899,                0.82434,                0.52317,                0.53747,                0.85207,             0.00044105,             0.00044105,             0.00044105
                    158,                0.46404,                0.49678,                0.98107,                0.83162,                0.94004,                 0.9455,                0.84246,                0.52041,                0.51471,                0.84614,             0.00043805,             0.00043805,             0.00043805
                    159,                0.46234,                 0.4803,                0.98037,                0.84129,                 0.8772,                0.92499,                 0.8207,                0.52271,                0.52737,                0.85892,             0.00043505,             0.00043505,             0.00043505
                    160,                0.47195,                0.48701,                0.97488,                0.81562,                0.86627,                 0.9138,                0.81589,                0.51535,                0.53538,                0.84298,             0.00043205,             0.00043205,             0.00043205
                    161,                0.45605,                0.47174,                0.97683,                0.85508,                0.85618,                0.92975,                0.82237,                 0.5339,                0.54107,                0.85473,             0.00042905,             0.00042905,             0.00042905
                    162,                0.46765,                0.48399,                0.97752,                0.83853,                0.88531,                0.92733,                0.82011,                0.51591,                0.52924,                0.85758,             0.00042605,             0.00042605,             0.00042605
                    163,                0.46512,                0.48564,                0.97673,                0.87233,                0.84794,                0.92756,                0.82911,                0.51841,                0.52814,                0.87088,             0.00042305,             0.00042305,             0.00042305
                    164,                0.44652,                0.46421,                0.96926,                0.86457,                0.84667,                0.92791,                0.81619,                 0.5228,                0.52951,                0.86498,             0.00042005,             0.00042005,             0.00042005
                    165,                0.44997,                0.45953,                0.97397,                0.86032,                 0.8626,                0.92892,                 0.8163,                0.52762,                0.51618,                0.87362,             0.00041705,             0.00041705,             0.00041705
                    166,                0.44727,                0.46256,                0.97863,                0.81857,                0.94799,                0.93925,                 0.8339,                0.51395,                0.52789,                0.85775,             0.00041405,             0.00041405,             0.00041405
                    167,                0.45391,                0.47413,                0.96746,                0.93274,                0.82979,                0.93264,                0.81401,                0.53104,                0.50454,                0.85808,             0.00041105,             0.00041105,             0.00041105
                    168,                0.42413,                0.43943,                0.95291,                0.83293,                0.91655,                0.92891,                0.81485,                 0.5172,                0.49708,                0.85261,             0.00040805,             0.00040805,             0.00040805
                    169,                0.43655,                0.48546,                0.97238,                0.84482,                0.93189,                0.93523,                0.82099,                0.53634,                 0.5142,                0.86486,             0.00040505,             0.00040505,             0.00040505
                    170,                0.44542,                0.45603,                0.96663,                 0.8489,                0.92759,                0.94642,                 0.8335,                0.52331,                0.51799,                0.86043,             0.00040205,             0.00040205,             0.00040205
                    171,                0.44526,                0.44581,                0.96439,                0.82912,                0.92011,                0.94424,                0.83717,                 0.5184,                0.55275,                0.85638,             0.00039905,             0.00039905,             0.00039905
                    172,                0.44033,                0.45998,                 0.9648,                0.83541,                0.88446,                0.93424,                0.81367,                0.52587,                0.53056,                0.85298,             0.00039605,             0.00039605,             0.00039605
                    173,                0.44336,                0.46299,                0.97269,                 0.8242,                0.88696,                0.92669,                 0.8161,                0.50735,                 0.5495,                0.85447,             0.00039305,             0.00039305,             0.00039305
                    174,                0.45495,                0.45604,                0.96213,                0.78841,                0.93653,                0.92357,                0.80868,                0.51905,                0.54386,                 0.8604,             0.00039005,             0.00039005,             0.00039005
                    175,                0.43082,                0.45901,                0.96499,                0.83428,                0.90212,                0.91814,                0.80649,                0.52461,                0.56268,                0.86111,             0.00038705,             0.00038705,             0.00038705
                    176,                0.43048,                 0.4415,                0.97222,                 0.8482,                0.85641,                0.92143,                0.79675,                0.52554,                0.52835,                 0.8833,             0.00038405,             0.00038405,             0.00038405
                    177,                0.44633,                0.44779,                0.96795,                0.88482,                0.84034,                0.92978,                0.81193,                0.52414,                0.52772,                0.86502,             0.00038105,             0.00038105,             0.00038105
                    178,                 0.4427,                 0.4476,                 0.9679,                0.81491,                0.89788,                0.92483,                0.81361,                0.51286,                0.52319,                0.84806,             0.00037805,             0.00037805,             0.00037805
                    179,                0.44958,                0.46599,                 0.9718,                0.79219,                0.86641,                0.90364,                0.79574,                0.50912,                0.51396,                 0.8521,             0.00037505,             0.00037505,             0.00037505
                    180,                0.43812,                0.44465,                0.96258,                0.82375,                0.91924,                0.91913,                0.80982,                0.52237,                0.50007,                0.85485,             0.00037205,             0.00037205,             0.00037205
                    181,                0.42933,                0.46604,                0.96585,                0.89963,                0.83652,                0.92895,                 0.8182,                0.51767,                0.56315,                 0.8573,             0.00036905,             0.00036905,             0.00036905
                    182,                0.42932,                0.46371,                0.97019,                0.84215,                0.87682,                0.93015,                0.82888,                0.50192,                 0.5515,                0.85006,             0.00036605,             0.00036605,             0.00036605
                    183,                0.43328,                0.45509,                 0.9673,                0.85817,                0.83397,                0.91837,                0.82203,                0.50164,                0.52465,                 0.8501,             0.00036305,             0.00036305,             0.00036305
                    184,                0.43242,                0.42849,                0.96459,                0.86715,                0.82735,                0.91461,                0.80881,                0.51053,                 0.5464,                0.85233,             0.00036005,             0.00036005,             0.00036005
                    185,                0.43783,                0.43402,                0.97136,                0.81209,                0.88693,                0.92312,                0.80993,                0.50722,                0.53553,                0.85355,             0.00035706,             0.00035706,             0.00035706
                    186,                0.44217,                0.45639,                0.96411,                0.79942,                0.87915,                0.91568,                0.80995,                0.51156,                0.55225,                0.85302,             0.00035406,             0.00035406,             0.00035406
                    187,                0.43371,                  0.438,                0.96047,                0.92022,                0.81768,                0.91567,                 0.8091,                0.52211,                0.54284,                 0.8555,             0.00035106,             0.00035106,             0.00035106
                    188,                0.44111,                0.44258,                0.97194,                0.82822,                0.88831,                 0.9189,                0.81503,                0.51777,                0.52705,                0.86195,             0.00034806,             0.00034806,             0.00034806
                    189,                0.44906,                0.44255,                0.97804,                0.89873,                0.81491,                0.91947,                0.80341,                0.51475,                0.52447,                0.86138,             0.00034506,             0.00034506,             0.00034506
                    190,                0.42509,                0.41718,                0.95775,                 0.8401,                0.87354,                0.92013,                0.81641,                0.51396,                0.51519,                0.85802,             0.00034206,             0.00034206,             0.00034206
                    191,                0.43103,                0.44185,                0.96189,                0.84908,                0.87626,                0.92531,                0.82916,                0.51767,                0.54003,                0.85812,             0.00033906,             0.00033906,             0.00033906
                    192,                0.42569,                0.42594,                0.95739,                0.85197,                0.88175,                0.91943,                0.82539,                0.51025,                0.52843,                0.85345,             0.00033606,             0.00033606,             0.00033606
                    193,                0.42777,                0.43474,                0.96477,                0.87596,                0.84342,                0.92891,                0.82294,                0.51275,                0.51461,                 0.8642,             0.00033306,             0.00033306,             0.00033306
                    194,                0.42427,                0.43748,                0.96735,                0.86168,                0.85811,                0.92019,                0.81583,                0.50782,                0.52367,                 0.8635,             0.00033006,             0.00033006,             0.00033006
                    195,                0.44571,                0.44407,                0.97102,                0.88005,                0.82681,                0.91243,                0.80288,                0.51148,                0.54024,                0.86184,             0.00032706,             0.00032706,             0.00032706
                    196,                0.42326,                0.43092,                0.96044,                0.83733,                0.87721,                0.91042,                0.80653,                0.51555,                0.52531,                0.86591,             0.00032406,             0.00032406,             0.00032406
                    197,                0.42139,                 0.4245,                0.95808,                0.87904,                 0.8227,                0.89762,                0.79243,                0.52557,                0.58221,                0.86119,             0.00032106,             0.00032106,             0.00032106
                    198,                0.43214,                0.44932,                0.96784,                 0.8688,                0.86389,                0.91163,                0.81147,                0.51242,                 0.5174,                0.84937,             0.00031806,             0.00031806,             0.00031806
                    199,                0.42187,                0.42073,                0.96205,                0.89254,                0.84981,                0.92475,                 0.8236,                 0.5058,                0.52986,                0.85631,             0.00031506,             0.00031506,             0.00031506
                    200,                0.42666,                0.43801,                0.96092,                0.89071,                0.85417,                0.91442,                 0.8289,                0.49034,                0.51292,                0.84764,             0.00031206,             0.00031206,             0.00031206
                    201,                 0.4153,                0.42048,                0.95609,                 0.8585,                0.86269,                0.92098,                0.82092,                0.50542,                0.52722,                0.85001,             0.00030906,             0.00030906,             0.00030906
                    202,                0.42378,                0.42041,                0.95204,                0.87915,                   0.84,                0.92044,                0.82013,                0.51812,                0.51821,                0.85412,             0.00030606,             0.00030606,             0.00030606
                    203,                0.41944,                0.42392,                0.95781,                 0.8484,                0.87676,                0.91922,                 0.8083,                0.51988,                0.53422,                0.85123,             0.00030306,             0.00030306,             0.00030306
                    204,                0.41089,                0.42009,                 0.9601,                0.88656,                0.82302,                0.91474,                0.81833,                0.51636,                0.53002,                0.84949,             0.00030006,             0.00030006,             0.00030006
                    205,                0.41405,                0.42354,                0.96025,                 0.8853,                0.84863,                0.92354,                  0.818,                0.51403,                0.52598,                0.85318,             0.00029706,             0.00029706,             0.00029706
                    206,                0.41549,                0.41547,                0.96068,                  0.793,                0.93075,                0.92761,                0.82045,                0.50067,                0.51862,                0.84563,             0.00029406,             0.00029406,             0.00029406
                    207,                0.42459,                0.41291,                0.95942,                0.78921,                0.92691,                 0.9138,                0.80464,                0.50599,                0.53445,                0.84945,             0.00029106,             0.00029106,             0.00029106
                    208,                 0.4303,                0.41576,                0.95505,                0.85095,                0.86224,                 0.9143,                0.80077,                 0.5127,                0.55181,                0.85979,             0.00028806,             0.00028806,             0.00028806
                    209,                0.41573,                0.41256,                0.96402,                0.87428,                 0.8572,                0.92192,                0.81377,                0.52387,                0.52061,                0.86152,             0.00028506,             0.00028506,             0.00028506
                    210,                0.42622,                0.42369,                0.96815,                0.84122,                0.86002,                0.91795,                0.81678,                0.51716,                0.52473,                0.84595,             0.00028206,             0.00028206,             0.00028206
                    211,                0.41305,                 0.4136,                0.96009,                0.81941,                0.89129,                0.91311,                0.81203,                0.50613,                0.51955,                 0.8424,             0.00027906,             0.00027906,             0.00027906
                    212,                0.40974,                0.39565,                0.94508,                0.85971,                0.86431,                0.91475,                0.80629,                0.51728,                 0.5037,                0.85686,             0.00027606,             0.00027606,             0.00027606
                    213,                0.41523,                0.39883,                 0.9667,                0.84951,                 0.8675,                0.90988,                0.80851,                0.51106,                0.50609,                0.85443,             0.00027306,             0.00027306,             0.00027306
                    214,                0.39683,                0.40149,                0.95153,                0.87856,                 0.8522,                0.91904,                0.81753,                0.51019,                0.51283,                 0.8533,             0.00027006,             0.00027006,             0.00027006
                    215,                0.40606,                 0.4151,                0.95812,                0.88726,                0.83183,                0.92858,                0.82171,                0.51682,                 0.5109,                0.85187,             0.00026706,             0.00026706,             0.00026706
                    216,                0.41565,                0.41212,                0.95829,                 0.8758,                0.86601,                0.92718,                0.82036,                0.51835,                0.49338,                0.85317,             0.00026406,             0.00026406,             0.00026406
                    217,                0.40632,                0.39823,                0.95164,                0.85032,                0.86182,                0.91761,                0.81135,                0.52353,                0.49418,                0.85268,             0.00026106,             0.00026106,             0.00026106
                    218,                0.41195,                0.42104,                0.95912,                0.86401,                0.84329,                0.91076,                0.80271,                0.51912,                0.51735,                 0.8502,             0.00025807,             0.00025807,             0.00025807
                    219,                0.41683,                0.39339,                0.95496,                0.83999,                0.88463,                0.92434,                0.82507,                0.52112,                0.49167,                0.85471,             0.00025507,             0.00025507,             0.00025507
                    220,                0.40993,                0.39442,                0.95515,                0.88522,                0.87456,                0.92653,                 0.8292,                0.52348,                0.48067,                0.85841,             0.00025207,             0.00025207,             0.00025207
                    221,                  0.408,                0.39948,                0.95478,                0.87515,                0.85449,                0.92004,                0.82544,                0.51446,                0.52557,                0.84647,             0.00024907,             0.00024907,             0.00024907
                    222,                0.40206,                0.38937,                0.95483,                 0.8827,                0.86548,                0.92608,                0.82895,                0.51915,                0.52966,                 0.8487,             0.00024607,             0.00024607,             0.00024607
                    223,                 0.4235,                0.40208,                 0.9609,                0.89223,                0.84619,                0.92533,                0.82184,                0.52103,                0.50966,                0.85262,             0.00024307,             0.00024307,             0.00024307
                    224,                0.40654,                0.38995,                0.95679,                0.88107,                0.86793,                0.92254,                0.81314,                0.52768,                0.49203,                0.85984,             0.00024007,             0.00024007,             0.00024007
                    225,                0.40199,                0.41547,                 0.9511,                0.83368,                0.92029,                0.92084,                0.80957,                0.52625,                0.53024,                0.85508,             0.00023707,             0.00023707,             0.00023707
                    226,                0.40716,                0.39145,                0.95432,                0.84787,                0.89978,                0.90885,                0.79765,                0.52098,                0.53028,                0.85999,             0.00023407,             0.00023407,             0.00023407
                    227,                0.40356,                0.39679,                 0.9524,                0.87781,                0.84011,                0.90469,                0.79838,                0.51753,                 0.5261,                0.85046,             0.00023107,             0.00023107,             0.00023107
                    228,                0.40643,                0.39285,                 0.9529,                 0.8693,                0.85666,                0.91511,                0.81563,                0.50294,                0.52095,                0.84544,             0.00022807,             0.00022807,             0.00022807
                    229,                0.40246,                 0.3736,                0.95188,                0.86119,                0.88609,                0.92746,                0.83309,                0.49784,                0.47913,                0.84528,             0.00022507,             0.00022507,             0.00022507
                    230,                0.38704,                0.39607,                 0.9576,                 0.8892,                0.86524,                0.92231,                0.82652,                0.51018,                0.48004,                 0.8474,             0.00022207,             0.00022207,             0.00022207
                    231,                0.39368,                0.39242,                0.94842,                0.86706,                0.87318,                0.91174,                0.81831,                0.51189,                0.49074,                 0.8524,             0.00021907,             0.00021907,             0.00021907
                    232,                0.40201,                0.39364,                0.95048,                0.86028,                 0.8694,                 0.9224,                0.82293,                0.51269,                0.48694,                0.84742,             0.00021607,             0.00021607,             0.00021607
                    233,                0.41196,                 0.3953,                0.95935,                 0.8769,                0.87618,                0.92682,                0.82705,                0.51459,                0.49336,                0.84884,             0.00021307,             0.00021307,             0.00021307
                    234,                0.41462,                 0.3893,                0.95906,                0.86901,                0.86685,                0.91586,                0.81392,                0.51185,                0.49915,                0.85874,             0.00021007,             0.00021007,             0.00021007
                    235,                0.39899,                0.40577,                0.95471,                0.86115,                0.86546,                0.91141,                0.80665,                 0.5154,                0.49027,                0.85892,             0.00020707,             0.00020707,             0.00020707
                    236,                0.40895,                0.39062,                0.95562,                0.84147,                0.88077,                0.90869,                0.80115,                0.50846,                0.50238,                0.85311,             0.00020407,             0.00020407,             0.00020407
                    237,                 0.4004,                0.40176,                0.95505,                0.87441,                0.86997,                0.92586,                0.81922,                0.50611,                0.50255,                0.84378,             0.00020107,             0.00020107,             0.00020107
                    238,                0.40416,                 0.3748,                0.94941,                0.85346,                0.88682,                0.93107,                0.81868,                0.51615,                0.49649,                0.84571,             0.00019807,             0.00019807,             0.00019807
                    239,                 0.3981,                0.37822,                0.94788,                0.85477,                0.89027,                0.93358,                0.82374,                0.51469,                0.49325,                0.85637,             0.00019507,             0.00019507,             0.00019507
                    240,                0.40341,                0.38891,                0.94922,                0.86571,                0.87888,                0.93648,                0.83937,                0.50566,                0.47559,                0.85882,             0.00019207,             0.00019207,             0.00019207
                    241,                0.39794,                0.38428,                0.95825,                0.88658,                0.85812,                0.93015,                0.82324,                0.51737,                0.48154,                0.85501,             0.00018907,             0.00018907,             0.00018907
                    242,                0.39673,                0.41158,                0.95158,                0.86069,                0.87003,                0.92749,                0.81898,                0.51629,                0.51077,                0.84483,             0.00018607,             0.00018607,             0.00018607
                    243,                0.38215,                0.37615,                0.94926,                0.85976,                0.87034,                0.92811,                 0.8165,                0.52057,                0.50776,                0.84136,             0.00018307,             0.00018307,             0.00018307
                    244,                0.38868,                0.36711,                0.94591,                0.90509,                0.86953,                0.92699,                0.82547,                0.52297,                0.48798,                0.84297,             0.00018007,             0.00018007,             0.00018007
                    245,                0.40333,                0.37898,                0.95199,                0.89622,                0.86558,                0.92891,                0.82653,                0.51512,                 0.4912,                0.84446,             0.00017707,             0.00017707,             0.00017707
                    246,                 0.3935,                0.36574,                  0.944,                0.89987,                0.83634,                 0.9395,                0.83375,                0.50446,                0.48951,                0.84451,             0.00017407,             0.00017407,             0.00017407
                    247,                0.40414,                0.37202,                0.94695,                0.84434,                0.89228,                0.93924,                0.82803,                0.50439,                0.48873,                0.84738,             0.00017107,             0.00017107,             0.00017107
                    248,                0.37882,                0.35809,                0.94321,                0.88809,                0.84926,                0.93094,                 0.8226,                0.50831,                0.51456,                0.85039,             0.00016807,             0.00016807,             0.00016807
                    249,                 0.3929,                0.42646,                0.94645,                0.88929,                0.83907,                 0.9247,                0.81691,                0.50843,                0.52357,                0.84399,             0.00016507,             0.00016507,             0.00016507
                    250,                0.39879,                0.38071,                0.95418,                0.84434,                 0.8961,                0.92687,                0.82073,                0.50359,                0.50913,                0.84276,             0.00016207,             0.00016207,             0.00016207
                    251,                0.38807,                0.36831,                0.94642,                0.83074,                0.89943,                0.92193,                0.81199,                0.51083,                0.51262,                0.84976,             0.00015907,             0.00015907,             0.00015907
                    252,                0.38575,                0.37871,                0.94183,                0.86816,                0.89954,                0.92997,                0.82149,                0.50714,                  0.504,                0.85584,             0.00015608,             0.00015608,             0.00015608
                    253,                0.37445,                 0.3623,                0.94202,                0.84871,                0.88567,                0.92628,                0.82318,                0.51039,                0.50782,                0.85775,             0.00015308,             0.00015308,             0.00015308
                    254,                0.40072,                0.37678,                0.94634,                0.84634,                0.90559,                0.93141,                0.82336,                0.50835,                0.50165,                0.85015,             0.00015008,             0.00015008,             0.00015008
                    255,                0.39658,                0.40305,                0.95118,                0.86354,                0.88585,                0.92823,                0.82439,                0.50439,                0.50751,                 0.8467,             0.00014708,             0.00014708,             0.00014708
                    256,                0.39107,                0.39125,                0.95099,                0.84987,                0.90391,                0.93015,                0.81592,                   0.51,                0.50994,                0.84684,             0.00014408,             0.00014408,             0.00014408
                    257,                0.39221,                0.35331,                0.95566,                  0.874,                0.88186,                0.93761,                0.82507,                0.50695,                0.50005,                0.84632,             0.00014108,             0.00014108,             0.00014108
                    258,                 0.3798,                0.36557,                0.95091,                0.83615,                0.92071,                0.93677,                0.82935,                0.50959,                0.49398,                 0.8516,             0.00013808,             0.00013808,             0.00013808
